BookingId,CustomerId,RoomNo,CheckInDate,CheckOutData
4D680EF8-EF37-8CC2-1C01-F0A8EB19151F,8724,7640,2018-04-04,2018-04-07
07A79CB2-FBFC-3F76-F421-5558E213CE5A,3412,7073,2018-04-02,2018-04-09
0FCE598A-CCE6-79B8-66C3-C1A3F603B244,9380,6068,2018-04-05,2018-04-08
140F98BE-1549-C004-0870-C30241BF612E,5223,1913,2018-04-04,2018-04-06
FF5EDF76-7D04-F285-AC63-04163DE6F79F,7905,9424,2018-04-04,2018-04-07
03FA4978-284D-3A23-E24F-CC7996C42390,5862,4647,2018-04-04,2018-04-08
345EB8A6-434A-5DBD-7B18-9BF0638190DE,8036,3445,2018-04-04,2018-04-07
D73958FF-A19A-7BCE-57D0-8178E0CE5E5F,2798,6371,2018-04-03,2018-04-07
A590378C-4CF9-D396-F8A7-C81BB153B903,8427,9705,2018-04-02,2018-04-08
6B808BE8-0776-1C02-2ABA-81D94D189856,5099,1353,2018-04-04,2018-04-07
8769D83B-E98F-B376-CC0C-129538ADC4E1,5781,1830,2018-04-03,2018-04-09
3C6A823C-33D4-BC2A-4396-F5D191D4DCD6,8972,7454,2018-04-04,2018-04-09
47BCD327-5823-317F-92FB-BBA50309237D,8714,6197,2018-04-02,2018-04-07
28237A78-5DA5-D1F9-C1AD-7BDE2884FA09,7140,5072,2018-04-05,2018-04-08
71699B85-D330-9C73-83F9-AEDE239A3DA4,6435,4114,2018-04-04,2018-04-08
0804416F-E82E-7955-E813-7D26DB252E83,4099,3427,2018-04-05,2018-04-07
380C2B5F-0B99-3AB4-45D8-3948B64F77FB,1764,4273,2018-04-05,2018-04-06
63D3B0E1-C5FC-7C8E-BE1A-1574C2BCD645,9136,6492,2018-04-05,2018-04-08
EFDBF6DF-3513-1919-8159-2D34F126A85B,9373,1672,2018-04-03,2018-04-06
63DFB34F-66E0-A054-1A53-722FCF6635EC,2685,1917,2018-04-04,2018-04-07
001D8FC1-BBA0-8861-D8E2-DD37A08B1488,6214,9678,2018-04-02,2018-04-06
F6CB046E-0710-6BE3-4ED3-CCBA1B24E4C3,8356,9925,2018-04-04,2018-04-06
68BFB119-D999-0CB8-06B1-EA10F920EB17,5653,6756,2018-04-02,2018-04-09
3BF49A37-2DE2-6198-02A7-704C5270DCEB,4671,1869,2018-04-11,2018-04-13
41A56FB5-62A0-CE4F-F049-ACD9503C2C89,5329,9012,2018-04-11,2018-04-12
B6341531-4E72-0ED2-218B-C6AFFEC7AB6D,4785,1693,2018-04-10,2018-04-12
F243ABAB-7318-CEA6-8FC2-E465B9BC20B8,7660,1715,2018-04-10,2018-04-15
AE66FDB7-DEEB-4C40-36BC-F47E246F6AD2,2418,5220,2018-04-11,2018-04-12
A8C03A2F-1022-3537-3DBE-BEE37F07E586,1259,8687,2018-04-09,2018-04-13
13B61623-5541-4893-66FC-0A16EBDBD904,8589,4796,2018-04-11,2018-04-15
3985C939-7DBB-C8A1-9E4A-CE0E774C8BAB,4645,2687,2018-04-09,2018-04-14
66A7EE2C-0866-1FEF-A8A0-2431D35C1323,3422,6016,2018-04-11,2018-04-15
29C46E89-9CB5-E2FD-ECBA-685D5BB07296,5034,3604,2018-04-11,2018-04-13
E29B910B-C7DE-DB42-F82B-0C5721CDFB1C,9310,3692,2018-04-09,2018-04-12
4529C5AD-DB6F-D416-8E76-B6E64E55BD5D,4867,4756,2018-04-09,2018-04-15
0D6CDCD2-4FFB-FC31-49F0-1BEB7F4C7D5E,8480,8589,2018-04-10,2018-04-15
6D16FFB0-441D-8489-ACD9-B9E13ABEF7BF,7355,2930,2018-04-08,2018-04-12
F0D3FCCE-61DF-8768-CB6D-B01BC501C41B,8839,5661,2018-04-08,2018-04-14
E017E1C4-FA05-8AD4-4755-26B7B7A91BFE,8829,1865,2018-04-08,2018-04-15
3AEC87D8-4A7F-494F-9F9F-4D85CED25F9D,2329,5651,2018-04-11,2018-04-14
F6D232BD-79D7-B1ED-2CBF-95A6B58C1CF6,8178,9458,2018-04-10,2018-04-12
